age,gender,origin,high_school_avg,admission_score,first_semester_grade,socioeconomic_level,scholarship,loan,dropout
22.0,,Rural,4.841850018835446,315.0,2.6047516561559307,6.0,Yes,No,Yes
19.0,Female,Urban,2.4600542093482405,353.0,2.4678243168192027,2.0,Yes,Yes,Yes
28.0,Female,Urban,,349.0,2.374241899102816,2.0,No,No,Yes
26.0,Male,Urban,3.517666036653398,302.0,,4.0,No,,No
23.0,Female,Urban,3.8343627063039434,393.0,,4.0,Yes,No,Yes
28.0,Female,Rural,,1000.0,4.327452453005688,6.0,No,Yes,No
20.0,Female,Rural,4.616371726832455,302.0,3.6784104645358475,4.0,Yes,Yes,No
22.0,Male,Urban,4.7963548474508375,289.0,1.2797264228377365,2.0,Yes,Yes,Yes
25.0,Female,Urban,3.6953995507676267,373.0,3.5606728953126643,3.0,No,Yes,No
18.0,Male,Rural,4.089952471630677,321.0,2.084589746000739,5.0,No,,Yes
22.0,Female,Rural,4.767498143531887,342.0,,3.0,Yes,No,No
26.0,Male,Rural,4.1217159029401955,305.0,3.7205277244138055,3.0,Yes,No,No
26.0,Male,Rural,2.457617128742784,318.0,1.9233167566160483,2.0,Yes,No,Yes
23.0,Female,Urban,3.7288650805004395,371.0,2.8274345795214746,3.0,No,,Yes
20.0,Male,Rural,3.8201451391485675,248.0,1.7612994512762712,,No,No,Yes
19.0,Female,Urban,3.272392013907158,303.0,1.2093555031460332,1.0,No,Yes,Yes
23.0,Female,Rural,4.209332706874168,260.0,2.5139056939434763,4.0,No,Yes,Yes
23.0,Female,Rural,4.803101044307045,394.0,2.451777087383968,1.0,Yes,No,Yes
18.0,Male,Rural,4.7767055387203285,322.0,4.981921962817028,5.0,,No,No
21.0,Male,Rural,3.3525181142123963,333.0,2.7854094047905686,4.0,Yes,Yes,Yes
20.0,Female,Rural,2.339714137522266,208.0,2.3342781978888016,3.0,Yes,Yes,Yes
17.0,Female,Urban,4.954523596887004,205.0,3.3219000268666985,5.0,Yes,No,No
23.0,,Urban,4.516694259337802,272.0,1.3550695764310738,4.0,Yes,No,Yes
27.0,Female,Rural,2.3739880436098004,302.0,4.846662943819252,6.0,No,No,No
29.0,Female,Rural,4.762525647852117,359.0,3.5398401823641326,6.0,No,No,No
21.0,Female,Urban,4.609689086186385,240.0,4.0193512797633915,6.0,Yes,Yes,No
17.0,Male,Rural,3.5565141713782165,313.0,1.6819117526956702,6.0,Yes,No,Yes
27.0,Male,Rural,3.7738263072347875,207.0,2.6379114120208156,3.0,No,No,Yes
20.0,Male,,3.1970081116103906,271.0,2.690756453584758,1.0,No,No,Yes
16.0,Female,Rural,2.164284916466094,377.0,4.287225775604347,4.0,No,Yes,No
27.0,Female,Rural,3.0055917249377027,291.0,1.0049467190376378,,No,Yes,Yes
25.0,Female,Urban,4.408560345794035,261.0,2.2034124334130203,6.0,,Yes,Yes
21.0,Male,,2.013896069013809,,4.924945497377216,1.0,,Yes,Yes
28.0,Female,Urban,3.0004975150734325,261.0,2.8995461740248745,5.0,,No,Yes
27.0,Female,Rural,3.19450608077283,310.0,2.530105120976033,5.0,Yes,Yes,Yes
24.0,Female,,3.6121868088137687,326.0,1.4793160080705854,5.0,Yes,No,Yes
16.0,Female,Urban,4.759566849238281,206.0,,6.0,No,No,No
26.0,Male,Urban,3.0390379830978835,283.0,1.0801054237032979,5.0,Yes,No,Yes
26.0,Male,,3.040859605688683,331.0,,2.0,No,No,Yes
25.0,Female,Urban,4.212503744329245,333.0,4.074399219154033,4.0,Yes,Yes,No
27.0,,Urban,3.3566538226694216,,1.9746268642554665,4.0,Yes,Yes,Yes
27.0,Male,Rural,2.6738144688199457,221.0,3.686233774452149,6.0,Yes,Yes,No
29.0,Female,Rural,3.35731854839808,353.0,1.3717165775175597,2.0,Yes,No,Yes
29.0,Female,Urban,2.4225710611394,,2.0281890657283195,3.0,Yes,No,Yes
29.0,Male,Urban,2.52916095951867,202.0,4.15160795316906,3.0,No,No,No
18.0,Female,,3.4951033182184394,326.0,4.458744768134161,,No,No,No
27.0,,Rural,3.2567763485136436,240.0,3.4339456506391652,1.0,No,No,Yes
22.0,Female,Rural,,387.0,3.0273537272819304,3.0,Yes,Yes,No
19.0,Male,Rural,3.0871816973498993,305.0,1.6372160824759212,1.0,Yes,No,Yes
24.0,Female,Rural,3.7417650508341302,213.0,1.2524361323166007,4.0,No,Yes,Yes
18.0,Male,Rural,3.8967928637585914,211.0,1.4705961138942345,1.0,Yes,No,
20.0,Male,Rural,2.039283369765001,286.0,1.9094292003843951,4.0,Yes,No,Yes
18.0,Male,Rural,3.9906121160501318,211.0,,2.0,No,Yes,Yes
22.0,Female,Rural,2.5341079006092544,340.0,2.523638102043949,2.0,Yes,Yes,Yes
20.0,Male,Rural,4.883210952408366,224.0,2.385287074356014,6.0,No,No,Yes
24.0,Male,Urban,,244.0,1.9562213287890624,6.0,Yes,No,Yes
22.0,Female,Urban,3.2438723711810713,321.0,3.0388969870067926,5.0,No,No,No
17.0,Female,Urban,2.2560490042359316,346.0,4.301144432931587,3.0,Yes,No,No
19.0,Male,Urban,4.990622755537842,254.0,2.118814153885917,5.0,Yes,Yes,Yes
24.0,Male,Rural,3.506585030993728,299.0,4.769548076408933,4.0,,No,No
27.0,Female,Rural,3.7861550519601312,372.0,4.493346646895391,5.0,Yes,Yes,
29.0,Female,,2.2012294321652823,335.0,1.6470568454084384,1.0,Yes,No,Yes
17.0,Female,Rural,,318.0,4.145103827028378,4.0,No,Yes,No
,Female,,2.629716779286757,252.0,10.0,6.0,Yes,Yes,No
24.0,Female,Rural,4.694162868322142,382.0,3.2663014486856743,2.0,No,No,Yes
25.0,Male,Urban,2.6154189214460217,231.0,,6.0,Yes,Yes,Yes
20.0,,Rural,2.5720631619909997,250.0,3.004611996728039,3.0,Yes,No,No
17.0,Male,Rural,2.1096490035442845,243.0,2.588715109716844,4.0,Yes,Yes,Yes
19.0,Male,Urban,3.416200835329998,1000.0,3.1589304750397713,4.0,Yes,No,No
27.0,Male,Rural,3.6945233997878493,397.0,3.5118002110905433,1.0,No,Yes,Yes
27.0,Female,Urban,2.197125918285057,,3.6972152256361936,3.0,Yes,No,No
22.0,Male,Urban,4.326582850085032,349.0,3.1299247702377047,2.0,No,No,Yes
27.0,Male,Urban,3.3598665042440827,236.0,3.885688269314927,4.0,Yes,Yes,No
28.0,Female,Urban,3.57317080798274,295.0,1.5651121971020232,4.0,Yes,Yes,Yes
23.0,Male,Rural,3.3222882408146845,255.0,1.8479299636089541,1.0,Yes,Yes,Yes
18.0,Male,Rural,3.202289182625978,304.0,4.27494001629708,5.0,Yes,Yes,
29.0,Female,Rural,3.6789209939246534,258.0,2.2901119113856607,2.0,No,No,Yes
16.0,Male,Urban,2.4657207377921377,330.0,1.091575299904481,6.0,No,Yes,Yes
19.0,Male,Rural,2.5457843914858134,355.0,1.6151645986721244,,No,No,Yes
17.0,,,4.585356863040552,234.0,1.894457737985245,4.0,No,Yes,Yes
23.0,Female,Rural,4.838346386400898,388.0,4.829291551578349,4.0,Yes,No,No
19.0,Female,Rural,3.119927948839259,292.0,3.2921657157233972,6.0,No,No,No
17.0,Female,Rural,2.812234019430661,381.0,4.730922961905019,2.0,No,No,Yes
29.0,Male,Urban,3.9319986297170475,390.0,3.3006534019864997,5.0,Yes,No,No
21.0,Male,Rural,3.226202513294289,296.0,2.917417760551407,4.0,Yes,Yes,Yes
21.0,Female,Rural,2.0761590669810346,334.0,2.254910764776384,2.0,Yes,Yes,Yes
25.0,Male,Urban,2.468457792098571,,3.4254837777335023,6.0,Yes,No,No
19.0,Male,Rural,4.147916686542192,248.0,1.5567920984701193,1.0,No,Yes,
21.0,Female,Urban,3.976771825730454,293.0,4.593046509170824,5.0,No,Yes,No
,Female,Rural,2.0812879775104505,358.0,4.317329620565134,3.0,Yes,No,No
17.0,Male,Urban,2.6659164857988484,385.0,2.270125791506948,4.0,Yes,Yes,
25.0,Male,Urban,2.693224389764214,388.0,4.811190110405177,2.0,Yes,Yes,Yes
27.0,Male,Rural,4.015678230796185,223.0,4.3008030696622725,1.0,No,Yes,Yes
17.0,Female,Urban,2.0591316132630926,347.0,3.665227543340159,3.0,No,No,No
25.0,Female,,2.3123257459537214,236.0,,2.0,Yes,Yes,Yes
29.0,Female,Urban,4.399748256119568,203.0,2.912936092192289,2.0,Yes,No,Yes
19.0,Female,Urban,2.535633986163001,307.0,3.0244302193870034,3.0,No,Yes,No
29.0,Male,Urban,3.958238323555624,325.0,1.9302054334615204,1.0,Yes,Yes,Yes
23.0,,Urban,2.7145483431401796,219.0,1.3198615774372078,6.0,Yes,Yes,Yes
29.0,,Rural,2.2983241782780355,387.0,4.106894521886771,1.0,No,No,Yes
22.0,Female,Urban,2.7295165729983624,351.0,1.48814020849758,5.0,Yes,No,Yes
27.0,Female,Urban,4.166800795566978,249.0,,4.0,No,Yes,No
,,Rural,4.567089404318857,376.0,4.745796695534642,3.0,Yes,No,No
29.0,Male,Rural,4.490659593700975,378.0,,6.0,Yes,Yes,No
23.0,,Rural,,295.0,2.1110104949970445,3.0,No,No,Yes
20.0,Female,Rural,4.004255409711939,304.0,4.405794550205061,3.0,No,No,No
28.0,Male,Rural,2.6149528862474627,363.0,1.0013300244819576,,Yes,Yes,Yes
17.0,Female,Rural,2.87944319078304,,1.0707512384530289,4.0,No,Yes,Yes
20.0,Female,Rural,4.68900745556336,297.0,3.41021265537146,5.0,Yes,Yes,No
23.0,Male,Urban,2.039005770532208,265.0,2.459192876578118,2.0,,Yes,Yes
25.0,Male,Urban,2.2565255925634045,278.0,2.5458433646365886,2.0,No,No,Yes
24.0,Female,Rural,2.623658765438082,361.0,3.25776436271553,3.0,Yes,No,No
27.0,Female,Urban,2.0795966116214593,363.0,1.7671298223674423,4.0,Yes,No,Yes
27.0,Female,Urban,2.5443063052693917,205.0,1.8470214026619134,6.0,No,Yes,Yes
27.0,Male,Urban,3.7491246829090765,238.0,2.9384063480754588,1.0,No,Yes,Yes
28.0,Female,Rural,3.264273651777494,369.0,4.017014177375453,4.0,Yes,No,No
24.0,Female,Rural,4.678015133230924,314.0,3.4779910056303507,4.0,No,Yes,No
28.0,Female,Urban,4.452330685215323,1000.0,2.1894201929473556,1.0,No,No,Yes
28.0,Male,Rural,3.025452055093628,324.0,2.721348710035685,3.0,No,No,Yes
16.0,Female,,2.7782703002938773,211.0,1.6826590341999936,4.0,No,No,Yes
24.0,Female,Urban,3.1390772245018006,330.0,1.2985192573483268,2.0,Yes,No,Yes
22.0,Male,Urban,3.7708848275444233,217.0,4.130784162976597,1.0,Yes,No,Yes
24.0,Female,Urban,2.8041909224686288,239.0,2.0615496367527784,6.0,Yes,Yes,Yes
23.0,Female,Rural,3.872446723547402,220.0,,5.0,No,Yes,Yes
,Male,Rural,3.228234956573721,342.0,3.7664722222772773,3.0,No,Yes,No
27.0,Female,Rural,3.6561415425559405,298.0,3.472206697148744,1.0,No,No,Yes
23.0,Male,Urban,3.30837958740595,225.0,3.5327585040538563,5.0,No,No,No
23.0,Male,Rural,2.883397278625753,,1.9155784193864545,5.0,No,No,Yes
26.0,Female,Urban,4.8453599208864695,299.0,1.930582154250724,6.0,No,No,Yes
,Female,Rural,4.290817382479283,286.0,1.8832105191425565,4.0,No,Yes,Yes
16.0,Female,Urban,2.4203395272993578,241.0,1.695010382649178,6.0,Yes,Yes,Yes
23.0,Female,Urban,,371.0,3.6228946902466252,4.0,Yes,No,No
18.0,Male,Urban,3.462293594748541,213.0,4.392063540997606,4.0,No,No,
18.0,Female,Rural,4.683656680682274,277.0,3.897269878706645,1.0,No,No,Yes
16.0,Male,Rural,4.3995657678419455,201.0,4.168374535042172,1.0,No,Yes,Yes
26.0,Female,Rural,3.2756405134077005,318.0,2.6191937163407992,,Yes,,Yes
20.0,Female,Rural,2.067407924960352,236.0,3.6163031814879925,,Yes,Yes,No
25.0,Female,Urban,2.8060320781548382,268.0,2.416944961779098,5.0,No,No,Yes
22.0,Male,Rural,3.6249026439826006,365.0,3.10201848787456,2.0,No,No,Yes
25.0,Female,Rural,3.900434659478442,240.0,2.9265393861394493,3.0,Yes,Yes,Yes
24.0,Female,Urban,2.7736630562996067,261.0,1.7075485805754176,1.0,Yes,No,Yes
27.0,Female,Urban,2.4180682222184724,259.0,2.5483150413425233,6.0,Yes,Yes,Yes
,Female,Urban,4.504790710397897,324.0,4.855289101929404,3.0,Yes,No,No
24.0,Male,Rural,4.953206542110657,310.0,1.9943210308597683,3.0,No,Yes,
23.0,,Urban,,213.0,1.5352149451179549,3.0,Yes,,Yes
,Male,Urban,2.5150378575449106,283.0,2.674322486495741,3.0,Yes,Yes,Yes
17.0,Male,Urban,2.816921979558107,329.0,4.161350943440592,2.0,No,Yes,Yes
16.0,Male,Rural,2.0551720296424003,269.0,3.328592919119889,6.0,Yes,Yes,No
22.0,Male,Urban,4.742896419681497,,3.723899308952978,6.0,Yes,Yes,No
22.0,Male,Rural,2.3532532486704234,322.0,1.7587793926987088,6.0,Yes,Yes,Yes
29.0,,Rural,3.7295494265427607,288.0,3.475792772030886,4.0,,Yes,No
23.0,Female,Urban,2.822165662061618,227.0,2.294001579645895,5.0,Yes,No,Yes
20.0,Male,,3.6625340075473805,265.0,4.3372134638190705,,No,No,No
18.0,Male,,3.9542611650555926,362.0,3.5171952240429447,3.0,No,No,No
27.0,Male,Urban,4.4892254111216054,204.0,1.7954251111011836,,Yes,Yes,Yes
23.0,Female,Urban,2.6192638152818097,392.0,1.2584667193763446,6.0,Yes,Yes,Yes
21.0,Female,Rural,2.0329874859754415,367.0,1.170532837148131,6.0,Yes,No,Yes
26.0,Male,Rural,2.410656890206422,383.0,2.485634270600563,,Yes,Yes,Yes
18.0,Female,Urban,4.700055925544316,363.0,2.063404546617254,4.0,No,Yes,Yes
16.0,Male,Rural,4.621670232687546,244.0,,1.0,Yes,Yes,Yes
18.0,Male,,3.792239306510925,350.0,2.997335339914473,1.0,,Yes,Yes
20.0,Female,Urban,3.80155058130096,246.0,2.064077112021523,6.0,Yes,Yes,Yes
29.0,Male,Urban,3.9951100236387664,230.0,1.5969511118007045,2.0,No,No,Yes
18.0,Female,Rural,2.5261138358703485,338.0,1.5087990507497984,6.0,Yes,No,Yes
16.0,Female,Urban,4.743235837774879,209.0,4.458641568561671,,Yes,No,No
20.0,Male,Urban,3.2563115746762192,394.0,1.973911873619469,1.0,No,No,Yes
25.0,Male,Urban,3.1494155847484926,317.0,3.6068425916438733,3.0,No,No,No
22.0,Female,Rural,3.5567531158485126,213.0,4.2427437119450655,6.0,Yes,Yes,No
29.0,Male,Rural,2.1408979003251654,279.0,3.4563252447389443,3.0,Yes,Yes,No
22.0,Male,Rural,,292.0,4.438260926587783,3.0,Yes,Yes,No
26.0,Male,Rural,4.214100849279111,209.0,2.569574886113898,2.0,Yes,Yes,Yes
,Female,Rural,2.2483960037753796,275.0,4.824888762595793,3.0,Yes,No,
25.0,Female,Urban,3.8094563283991647,293.0,1.5325800167123877,1.0,No,No,Yes
25.0,Male,Rural,2.736047329043963,304.0,1.4085981186301524,4.0,,No,Yes
27.0,Female,Rural,3.1678868421259296,200.0,3.634768584829774,4.0,Yes,Yes,No
28.0,Female,Rural,2.8660812103120996,332.0,4.771324565653047,5.0,Yes,No,No
18.0,Female,Urban,3.0670181493948476,219.0,4.235533846545312,6.0,No,Yes,No
22.0,Female,Rural,4.157137715552737,,1.3056674377522057,1.0,Yes,No,Yes
16.0,Female,Rural,2.891365146869525,370.0,2.1174708557388655,3.0,Yes,No,
19.0,Male,Urban,3.6992139208906916,200.0,4.721275539351295,4.0,Yes,Yes,No
28.0,Male,Rural,3.428151206597299,256.0,2.012233731203138,1.0,Yes,Yes,Yes
19.0,Male,Urban,3.9910134960879446,263.0,4.124681695147677,4.0,Yes,No,No
29.0,Female,Urban,4.810489217974274,317.0,4.300528783714816,3.0,No,No,No
20.0,Female,Urban,,,2.981808413843927,4.0,Yes,Yes,Yes
22.0,Male,Urban,2.64482113577227,320.0,2.545395639393262,6.0,Yes,No,
22.0,Female,Urban,2.093549405183854,306.0,2.8004977296790385,6.0,Yes,No,Yes
28.0,Male,Rural,2.786792132899475,364.0,1.9078587774614566,5.0,No,Yes,Yes
26.0,,Urban,3.7852337921007644,374.0,4.557563664515377,5.0,No,No,No
28.0,Male,Urban,2.154277440452751,364.0,2.8024786269190316,4.0,No,Yes,Yes
19.0,Female,Rural,3.489098741603709,248.0,4.5298377618244,1.0,No,No,Yes
28.0,Female,Urban,3.7905285467506675,319.0,1.4227739196250964,6.0,Yes,Yes,Yes
22.0,Male,Rural,3.0027316724508823,243.0,4.953101084000526,1.0,No,No,Yes
26.0,Male,,4.312736611237465,255.0,2.773092349774473,,Yes,Yes,Yes
18.0,Male,Rural,2.3197947594013155,355.0,1.1913232815764219,4.0,Yes,No,Yes
21.0,Male,Urban,2.2254133452074263,310.0,1.1520873929498197,1.0,No,Yes,Yes
27.0,Female,Urban,4.18456626861081,333.0,3.9848290299273543,6.0,No,No,No
17.0,Female,Urban,3.4864739486185954,307.0,3.636142136814723,3.0,No,No,No
25.0,Male,Rural,4.065207189283209,388.0,4.20852223251035,5.0,No,No,No
,Male,Urban,3.3044820158112387,347.0,,3.0,No,No,Yes
29.0,Female,Urban,2.7392060997173204,313.0,1.1422834681421934,1.0,Yes,No,Yes
24.0,Female,Urban,4.457306953022599,,3.034317157790314,3.0,No,No,No
20.0,Male,Rural,4.398247636906937,329.0,2.550380925931078,6.0,No,No,Yes
21.0,Male,Rural,4.08408941256328,236.0,2.847787746683823,6.0,No,No,Yes
27.0,Male,Urban,2.816435411689888,219.0,4.966353635481096,1.0,Yes,No,Yes
27.0,Female,Urban,3.7706920006072613,,4.882999830682681,4.0,No,Yes,No
27.0,Female,Urban,3.0829216908200805,228.0,4.769261558692771,3.0,Yes,Yes,No
27.0,Female,Urban,2.2747462199799022,200.0,4.135370707070695,4.0,No,No,No
19.0,Male,Rural,4.751940726386728,318.0,2.4193654410275616,4.0,No,Yes,Yes
29.0,Male,Rural,2.410455892756884,234.0,2.6485237210510864,2.0,Yes,No,Yes
29.0,Female,Rural,4.850712061462407,397.0,,1.0,No,No,Yes
26.0,Female,Rural,3.338017318873867,258.0,4.322137825619359,5.0,Yes,Yes,No
25.0,Male,Urban,2.555398786515859,268.0,1.274851330073071,6.0,Yes,No,Yes
22.0,Female,Urban,3.6257028421350745,360.0,2.6971875435395525,6.0,Yes,No,Yes
27.0,Female,Urban,4.618837507629225,378.0,1.3304706538370747,1.0,No,Yes,Yes
24.0,Male,Rural,4.196674659228684,211.0,3.0586303462940463,5.0,No,Yes,No
22.0,,Urban,4.419683443584349,219.0,4.595603296024942,6.0,No,No,No
29.0,Male,,3.976350100132152,380.0,,1.0,Yes,Yes,Yes
16.0,Male,Rural,4.076829693553558,242.0,1.9113696701724399,6.0,No,Yes,Yes
16.0,Male,Urban,4.547586954695958,325.0,4.90396339839517,4.0,Yes,No,No
24.0,Male,Urban,2.7490040265775577,249.0,3.6694015921857135,3.0,No,Yes,No
26.0,Male,Urban,3.4682748909294214,1000.0,1.0417107975896123,3.0,Yes,Yes,Yes
29.0,Male,Rural,2.6636283254588067,384.0,2.021653938740878,6.0,Yes,No,Yes
24.0,Male,Urban,4.9630040239899404,,2.042853199679666,2.0,Yes,Yes,Yes
19.0,Female,Rural,4.83217801905984,383.0,1.2770172251434397,5.0,,Yes,Yes
28.0,Male,Urban,2.1182804341055177,370.0,4.839306072303716,5.0,Yes,No,No
24.0,Male,Rural,4.116725517547065,377.0,,5.0,Yes,No,Yes
18.0,Female,Rural,,350.0,4.583258389487527,4.0,Yes,No,No
22.0,Female,Urban,2.5417260353820006,371.0,2.2888620137785134,5.0,,Yes,Yes
21.0,,Rural,,237.0,1.5009342817313085,3.0,Yes,No,Yes
23.0,Male,Rural,4.746464892764125,283.0,2.8973444396248555,4.0,Yes,No,Yes
26.0,Female,Urban,2.1018379357573966,350.0,1.4558265388572686,1.0,No,Yes,Yes
24.0,Male,Rural,4.09226080174052,327.0,2.9440620119101597,5.0,No,No,Yes
29.0,Male,Urban,2.8920470221176524,325.0,4.6811887248776305,5.0,Yes,No,No
20.0,Male,Rural,4.773188586129591,244.0,,1.0,No,No,Yes
16.0,Male,Urban,4.913174735496103,1000.0,3.465998907580334,5.0,No,No,No
18.0,Female,Urban,4.832799467340301,279.0,1.6265537478952332,1.0,Yes,Yes,Yes
25.0,Female,Rural,3.422642649972391,377.0,1.174942503519878,4.0,Yes,,Yes
27.0,Male,Rural,4.58612795296794,323.0,1.4432318487192282,3.0,Yes,No,Yes
,Male,Rural,4.5336481956052115,318.0,3.3941263027374626,1.0,No,Yes,Yes
26.0,Male,Rural,2.9573014197297667,207.0,1.3800467959692186,2.0,Yes,No,Yes
21.0,Female,Rural,4.486746422452033,284.0,2.5039715597652457,1.0,No,Yes,Yes
23.0,Male,Urban,2.111022904146478,,3.200367761832624,5.0,,Yes,No
24.0,Male,Rural,3.7888096354461593,,2.554611194519388,4.0,No,Yes,Yes
19.0,Female,Urban,2.6900265118631093,356.0,1.654735205861206,6.0,Yes,No,Yes
16.0,Female,Urban,2.3617006573318364,295.0,2.095165230056426,4.0,Yes,Yes,Yes
,Male,Rural,2.2308596048876277,301.0,4.713270131394308,6.0,No,Yes,No
16.0,Female,Urban,4.0888663276344195,204.0,3.7039291023454215,1.0,No,Yes,Yes
25.0,Female,,3.0196248913041983,285.0,2.984191354719546,3.0,,No,
19.0,Male,Urban,4.174300314586285,374.0,1.050859559947574,,No,No,Yes
27.0,Female,Urban,2.196069022396827,233.0,4.969661601957881,4.0,No,No,No
29.0,Male,Rural,2.945871013491831,392.0,3.685819739578573,5.0,No,No,No
22.0,Female,Urban,3.6184738771260117,254.0,2.2676899093797798,6.0,Yes,No,Yes
17.0,Male,Rural,4.372169494516891,318.0,4.517074639991353,5.0,No,No,No
18.0,Male,Rural,2.9562575087962095,370.0,,3.0,Yes,No,Yes
16.0,Male,Urban,3.8776741293110275,357.0,3.1760663167310064,6.0,Yes,Yes,No
,Female,Rural,4.657933244708561,313.0,10.0,4.0,No,Yes,No
16.0,Male,Rural,3.847589564546914,344.0,1.8842534858149138,1.0,Yes,Yes,Yes
23.0,Female,Rural,2.698878424260901,225.0,4.913589115202384,5.0,No,Yes,No
16.0,Male,Urban,2.073202344669614,335.0,3.99276762391599,3.0,No,No,No
26.0,Male,Rural,4.61029662170279,246.0,3.2312529020442797,4.0,Yes,Yes,No
16.0,Female,Rural,2.0638082325511613,312.0,1.7223783927012035,4.0,Yes,Yes,Yes
17.0,Male,Rural,,,1.2154328279921045,4.0,No,Yes,Yes
17.0,Male,Urban,3.586811402081636,271.0,2.280239330083934,4.0,No,Yes,Yes
27.0,Female,Rural,4.817203095538689,288.0,4.012749343653612,6.0,Yes,No,No
21.0,Male,Urban,4.396349707320996,245.0,2.0773251932081003,4.0,Yes,No,Yes
22.0,Male,Urban,4.993802331600012,395.0,3.1582248819820204,5.0,Yes,,No
20.0,Male,Urban,3.0521354463551305,232.0,3.9117887069229726,3.0,Yes,Yes,No
16.0,Male,Urban,4.301564866793381,200.0,1.4317748585858574,6.0,No,No,Yes
16.0,Female,Urban,3.2057927408277265,346.0,3.7411920644634935,4.0,No,Yes,No
18.0,Female,Urban,3.4396268609117264,,1.3674835508401788,2.0,No,No,Yes
29.0,Male,Rural,3.8825163896551103,341.0,4.860518968507986,2.0,No,No,Yes
17.0,Female,Urban,4.621031342559016,252.0,2.9535765202597584,3.0,Yes,No,Yes
20.0,Male,Rural,4.9522504075978855,247.0,1.6027044308395095,1.0,Yes,No,Yes
27.0,,Rural,,268.0,2.369534544134186,,No,No,Yes
25.0,Male,Urban,3.253300346502001,304.0,2.653665797181046,6.0,No,Yes,Yes
21.0,Male,Rural,3.2640710068312107,,4.032740044306149,,,No,No
22.0,Male,Rural,,389.0,3.973695144306437,6.0,No,Yes,No
19.0,Male,Rural,2.7163314373049072,393.0,3.447762021349324,,No,Yes,Yes
22.0,Male,Rural,2.3314223393941838,391.0,,2.0,No,Yes,Yes
26.0,Male,Urban,3.0638664729223297,1000.0,1.6062774863506943,1.0,No,Yes,Yes
23.0,Female,,2.861716974962245,262.0,1.3750276825822265,5.0,No,Yes,Yes
26.0,Male,Urban,2.8889243613679705,272.0,3.3086911331502002,4.0,No,No,No
16.0,Female,Rural,2.70082325314973,360.0,4.508553766045615,6.0,Yes,,No
21.0,Male,Rural,2.1262795689090854,368.0,2.735202049019087,2.0,,No,Yes
23.0,Female,Urban,2.053621804200241,288.0,1.6433926958309848,3.0,Yes,No,Yes
20.0,Female,Rural,4.963167169208095,1000.0,3.232169300595868,3.0,Yes,Yes,No
19.0,Female,Rural,3.283319401207587,212.0,4.2470088674628395,4.0,No,No,No
,Male,Rural,3.152979941479045,272.0,3.96684824605172,2.0,No,No,Yes
21.0,Male,Urban,4.03894184807921,276.0,4.525803118700086,1.0,Yes,Yes,Yes
21.0,Female,Rural,2.6547616635951927,358.0,2.1116083889954713,1.0,Yes,Yes,Yes
26.0,Male,Urban,4.8498835518506755,267.0,1.7758154690710994,5.0,No,No,Yes
16.0,Female,Rural,4.3590350432466565,,4.5192659437677545,5.0,Yes,No,No
24.0,Male,Urban,2.2682330069367787,324.0,3.6302412511120923,1.0,No,Yes,Yes
,Female,Urban,3.252742327354785,301.0,2.2437157200302167,3.0,,No,Yes
26.0,Female,Rural,4.6373549226864945,331.0,3.9693922022900368,6.0,No,No,No
21.0,,Rural,4.834196066874231,301.0,4.260473537921472,3.0,Yes,No,No
28.0,Female,Urban,3.402204533749609,218.0,3.4599129613645294,5.0,Yes,No,No
18.0,Male,Urban,3.840234167632123,397.0,3.7515364395196604,4.0,No,Yes,No
19.0,Female,Rural,2.5011018382762256,281.0,2.5010396177706653,1.0,Yes,Yes,Yes
27.0,Female,Urban,4.973505878410929,340.0,3.1547826693721563,5.0,Yes,Yes,No
26.0,Male,Rural,2.6950151041503303,222.0,3.096636682904649,5.0,Yes,No,No
19.0,Male,Rural,4.828195322405377,282.0,4.392191164523087,6.0,Yes,No,No
18.0,Male,Rural,3.9489399469771054,1000.0,4.35985592112873,1.0,Yes,,Yes
25.0,Female,Rural,3.8232103846365773,274.0,4.330721877388173,6.0,Yes,No,
18.0,Male,Urban,3.538065533049526,328.0,1.0441264570498632,1.0,Yes,,
18.0,Female,Rural,2.692009435153276,287.0,3.998181937875553,6.0,No,Yes,No
19.0,Female,Urban,2.529584096016525,253.0,4.034705560444019,3.0,Yes,No,No
22.0,,Rural,2.661458627210526,398.0,3.7135152914205674,4.0,Yes,No,No
19.0,Male,Urban,2.5593147864327634,288.0,4.025058631565811,4.0,Yes,Yes,No
24.0,Female,Rural,4.33875342070026,342.0,4.367881485986835,1.0,Yes,No,Yes
16.0,Female,Urban,3.0503757775001903,264.0,2.8812762164071426,2.0,Yes,Yes,Yes
23.0,Male,Urban,2.173528029690189,275.0,3.0082008539537886,5.0,Yes,Yes,No
22.0,Male,Rural,4.907307890422434,398.0,1.498856227645562,5.0,Yes,Yes,Yes
17.0,Male,Rural,4.651357654890277,342.0,2.5415035321894472,1.0,Yes,Yes,Yes
23.0,Male,Rural,4.783256849585639,348.0,3.5734607196471373,6.0,No,Yes,No
16.0,Male,Rural,4.984723467939306,346.0,4.121599104589098,2.0,Yes,No,Yes
26.0,Female,Urban,2.521685747658462,259.0,1.8688363907648422,3.0,Yes,,Yes
27.0,Female,Rural,3.188726056707976,292.0,1.5512915966369416,6.0,Yes,,
24.0,Female,,4.274715427112274,360.0,3.652168018001969,6.0,Yes,No,No
24.0,Female,Urban,4.088061854161377,248.0,1.0075195340996426,1.0,No,No,Yes
17.0,Male,Rural,2.461687719019565,234.0,1.7134903372293193,1.0,No,Yes,Yes
22.0,Male,Urban,4.447499374971853,371.0,1.116285521375815,5.0,No,,Yes
29.0,Male,Urban,2.673321715509982,301.0,1.6675404714194837,1.0,No,No,Yes
25.0,Female,Urban,2.6714528444678693,210.0,1.725277119702021,1.0,No,Yes,
18.0,Female,Urban,,298.0,2.550694379001577,1.0,No,Yes,Yes
22.0,Male,Rural,3.7788198045251096,399.0,2.609308498746224,5.0,No,No,Yes
27.0,Male,Rural,3.7402586235134336,309.0,4.497049882440951,3.0,No,Yes,No
25.0,,Rural,2.2744605121932646,273.0,3.040438849995301,3.0,No,,No
,Female,Rural,4.632382587891141,393.0,3.893619062449145,1.0,,No,Yes
19.0,Male,Urban,2.7968001277661183,373.0,1.4165494316811498,5.0,No,Yes,Yes
27.0,Male,Urban,2.3885447638484125,208.0,1.9017550218547754,3.0,No,Yes,Yes
16.0,Female,Rural,4.6662442396069315,202.0,3.811773763914707,6.0,No,Yes,No
17.0,Male,Rural,4.86695449468926,284.0,1.2112158418741124,3.0,No,Yes,Yes
16.0,Male,Rural,4.586382851796352,225.0,2.9463906489750125,3.0,No,Yes,Yes
29.0,Male,Urban,4.428548224174634,271.0,3.3974758626517354,5.0,No,No,No
27.0,Female,Rural,3.965725941917065,,3.408582576209924,6.0,Yes,No,No
20.0,Female,Rural,3.6525721118274177,393.0,1.0917312450721681,5.0,No,Yes,Yes
20.0,Female,Rural,2.2609602797342303,397.0,2.288432016916742,1.0,Yes,No,Yes
26.0,Female,Urban,3.2253596392120962,355.0,10.0,4.0,No,Yes,No
22.0,Female,Urban,3.118065551036942,316.0,1.5959989445969738,,No,Yes,Yes
24.0,Female,Urban,2.7792613512809785,353.0,3.781662593312213,4.0,Yes,Yes,No
,Female,Urban,4.170260341065755,352.0,3.983700835254698,5.0,No,Yes,No
18.0,Male,Urban,3.487627205236312,211.0,4.927876761784582,5.0,,Yes,No
,Male,Urban,2.243138647722944,332.0,1.8393679794256377,5.0,Yes,No,Yes
18.0,Male,Urban,2.6605496058494342,247.0,4.300522670664461,4.0,Yes,No,
19.0,Male,Urban,4.049776290978787,236.0,3.081186307674616,5.0,No,Yes,No
23.0,Male,Rural,2.2283925784709004,243.0,2.4938503845766937,1.0,No,No,Yes
21.0,Male,Rural,4.553620742146306,214.0,1.4895070293007118,5.0,No,Yes,Yes
23.0,,Urban,3.485439581041923,242.0,3.9420224259501504,2.0,Yes,No,Yes
16.0,Female,Urban,3.441759731979944,375.0,1.9434303965747484,4.0,Yes,Yes,Yes
23.0,Female,Rural,3.777223353978553,286.0,2.485688007492183,2.0,No,,Yes
19.0,Male,Urban,4.474042897775448,269.0,1.2501689075894737,5.0,No,Yes,Yes
26.0,Male,Urban,3.043427623706579,245.0,4.2054676632780765,1.0,No,Yes,Yes
16.0,,Urban,4.034048457677191,307.0,10.0,3.0,No,No,No
23.0,Male,Rural,3.697195891987373,322.0,3.93446332016925,6.0,No,No,No
19.0,Male,Rural,2.801084810508264,370.0,10.0,6.0,Yes,Yes,
21.0,Female,Rural,,220.0,1.693920297063829,5.0,Yes,No,Yes
23.0,Male,Rural,4.392278064820784,350.0,3.550213057880919,1.0,Yes,Yes,Yes
,Female,Rural,,306.0,,4.0,No,No,Yes
29.0,Male,Urban,4.551745187282726,279.0,1.7130098676185663,2.0,Yes,No,
18.0,Female,Rural,4.601882602879407,246.0,3.743645084199455,2.0,Yes,,Yes
29.0,Female,Urban,4.125088930145104,316.0,4.964505727285214,2.0,Yes,No,Yes
24.0,Female,,4.511039985091016,323.0,3.9888783509681507,4.0,Yes,No,No
18.0,Male,Rural,4.092414385007851,342.0,3.959945546742447,6.0,Yes,,
24.0,Female,Rural,4.040422315280901,224.0,4.801251011722367,1.0,No,No,
28.0,Male,Urban,3.855834134645553,235.0,1.8117454702996088,4.0,Yes,Yes,Yes
17.0,Male,Urban,4.258149918672924,250.0,3.2621998596857615,2.0,No,Yes,Yes
29.0,Male,Urban,,214.0,4.918586860135534,5.0,No,Yes,No
17.0,Male,Rural,4.642612277596785,267.0,1.6611764438806982,3.0,No,Yes,Yes
17.0,Female,Rural,4.615530583235696,,3.801007837778084,4.0,No,Yes,No
21.0,Female,Rural,2.0877418491036774,340.0,3.343240583887608,4.0,No,No,No
18.0,Male,,4.477450251694288,218.0,3.345916368754828,1.0,Yes,Yes,Yes
28.0,Male,Rural,2.386609602420336,233.0,3.7906825100803005,1.0,Yes,,Yes
24.0,Female,Urban,3.0053565627774255,277.0,4.718467691502736,4.0,,No,No
19.0,Male,Rural,4.230524768874823,324.0,4.130327759405352,2.0,No,No,Yes
16.0,Female,Urban,2.4822796881449247,395.0,1.22454441366484,3.0,No,No,Yes
19.0,Male,Urban,4.453901072357187,316.0,4.410912079502845,1.0,Yes,Yes,Yes
16.0,Male,Urban,4.496402533873226,251.0,1.9021653197029305,2.0,No,Yes,Yes
29.0,Female,Rural,,226.0,2.507656658945488,5.0,Yes,Yes,Yes
20.0,Male,Rural,2.0191576151505006,356.0,2.8469312544495287,1.0,No,No,Yes
19.0,Female,Rural,2.8611143995247383,355.0,2.9236240030122786,2.0,Yes,Yes,Yes
23.0,Male,Urban,3.850780755127227,234.0,2.740721597021427,2.0,No,No,
23.0,Male,Urban,4.94355853408227,335.0,4.749413176863458,3.0,Yes,Yes,No
22.0,Male,Urban,3.8954405810500052,343.0,3.8240760306560984,3.0,No,No,No
18.0,Female,Urban,2.7794107431924795,305.0,3.5246825838268254,,Yes,Yes,No
16.0,Male,Urban,3.902017109298834,363.0,1.1993681111317662,2.0,Yes,Yes,Yes
16.0,Male,,3.6199561391475665,357.0,4.615653321041499,6.0,Yes,Yes,No
27.0,Male,Rural,4.339536185453431,345.0,4.637560768033585,2.0,Yes,No,Yes
26.0,Male,Rural,2.320941916480875,201.0,4.120852253720409,3.0,Yes,No,No
18.0,Female,Rural,4.2830837075060835,376.0,1.0281168152544766,6.0,Yes,Yes,Yes
21.0,Female,Rural,3.6237997360283307,276.0,1.2291210043104934,1.0,Yes,Yes,Yes
22.0,,Urban,4.888976011576984,331.0,1.900894809073959,1.0,No,Yes,Yes
21.0,Female,Urban,3.025616498116058,,1.5253976325796268,4.0,No,No,Yes
29.0,Male,Rural,3.8978656794018445,288.0,2.5953441188149178,3.0,No,Yes,Yes
29.0,Male,Urban,4.796084316530052,293.0,,4.0,No,Yes,No
21.0,Male,,2.3075291839720378,206.0,2.888241736787993,6.0,No,Yes,Yes
21.0,Female,Rural,4.811685461709353,294.0,1.0536105057286624,3.0,Yes,Yes,Yes
28.0,Female,Rural,4.0636571669024395,307.0,2.130982758315048,5.0,Yes,No,Yes
18.0,Female,Urban,2.203511177315516,273.0,1.1783796334918462,2.0,Yes,No,Yes
21.0,Female,Rural,2.902890700840449,238.0,,5.0,Yes,Yes,Yes
23.0,Female,Rural,4.124516265935845,340.0,2.102879412382209,6.0,Yes,Yes,Yes
26.0,Female,Rural,2.202051804406315,1000.0,2.1024493547157816,3.0,No,No,Yes
26.0,Female,Urban,3.74651138052882,270.0,4.148506410406416,6.0,No,No,No
,Female,Urban,3.03764917085887,390.0,4.899338611124447,2.0,No,,Yes
20.0,Female,Rural,3.8627465533024314,255.0,2.484828375559993,1.0,No,No,Yes
29.0,Male,Urban,2.1372261014375384,369.0,,1.0,Yes,No,Yes
16.0,Female,Urban,4.614610418457129,388.0,4.379157745144086,6.0,Yes,Yes,No
27.0,Female,Urban,4.920466907532191,241.0,2.0725560803820535,4.0,Yes,No,Yes
16.0,Female,Urban,4.906633565857074,383.0,1.6255272176137918,3.0,No,No,Yes
20.0,Female,Urban,4.248955495228774,235.0,4.412358493614602,3.0,Yes,Yes,No
27.0,Female,Urban,2.3902587203918957,283.0,1.186002345760262,1.0,No,Yes,
28.0,Female,Urban,4.274789587787067,395.0,3.478797760797663,5.0,Yes,No,No
18.0,Female,Urban,2.0737607493764045,317.0,3.247971389867227,2.0,,Yes,Yes
19.0,Female,Urban,2.0663706545869918,206.0,10.0,5.0,No,No,Yes
18.0,Female,Urban,2.970830657448624,253.0,2.260758084389436,5.0,Yes,Yes,Yes
16.0,Female,Rural,3.465929571213997,328.0,4.087430904726485,6.0,Yes,No,No
,Female,Rural,,371.0,10.0,1.0,,Yes,Yes
27.0,Male,Urban,4.049886129819516,319.0,1.9471372372455416,1.0,Yes,No,Yes
27.0,Male,Rural,3.337708119130245,372.0,3.929794927352359,1.0,No,,Yes
29.0,Female,Rural,2.8208799988449975,305.0,3.193282334905697,6.0,Yes,No,No
,,Urban,4.991373500473133,246.0,1.5119528341343456,4.0,Yes,Yes,Yes
29.0,Male,Urban,3.278543906707919,322.0,4.528542457128241,5.0,Yes,Yes,No
20.0,Female,Urban,3.3541610729890263,340.0,2.573791386254366,6.0,Yes,No,Yes
21.0,Male,Rural,2.4908714635750075,318.0,4.311473501288692,3.0,Yes,No,No
18.0,Male,Rural,4.384428646249788,349.0,4.150852062110834,2.0,Yes,Yes,Yes
27.0,Male,Urban,4.081046677344466,317.0,3.497701785886912,4.0,Yes,Yes,No
24.0,Male,,2.662308838366281,220.0,2.977924525180372,,Yes,Yes,Yes
20.0,Male,Urban,2.2471431368475283,336.0,4.918203361527027,5.0,No,Yes,No
23.0,Female,Rural,4.041497906224139,225.0,1.5798602895192682,1.0,No,,Yes
28.0,Male,Rural,3.9635336428434056,208.0,3.900622910204459,5.0,Yes,Yes,No
16.0,Female,Rural,2.819778580994628,214.0,1.764762805859156,6.0,,No,Yes
29.0,Female,Rural,,,2.3530524213293935,2.0,No,Yes,Yes
20.0,Male,Urban,2.4531736753427005,321.0,,6.0,Yes,No,Yes
18.0,Male,Urban,3.2970044031278056,320.0,4.7881439509548915,4.0,Yes,Yes,No
,Female,Urban,4.830847760502797,324.0,4.869424711153101,4.0,No,Yes,No
16.0,Male,Urban,3.259181950778367,369.0,1.7320617769389086,2.0,Yes,No,Yes
19.0,,Rural,,271.0,1.0881406411900167,3.0,Yes,No,Yes
28.0,Female,Rural,3.192783193888383,351.0,3.8800321586524524,3.0,No,Yes,No
20.0,Female,Urban,2.82264560704601,248.0,2.6719597354819373,4.0,Yes,No,Yes
22.0,Male,Urban,4.951932943879484,1000.0,1.3553609803502575,4.0,Yes,No,Yes
16.0,Female,Rural,3.228002018945129,290.0,3.73501642230817,1.0,No,No,Yes
18.0,Male,Urban,4.682297611037403,236.0,3.1804221130427988,,Yes,No,No
17.0,Male,Rural,2.6898638176732588,267.0,4.922067288004424,2.0,No,Yes,Yes
24.0,Male,Urban,,249.0,1.9096379834455157,3.0,Yes,No,Yes
25.0,Female,Urban,2.093402248653534,,2.615911505306193,1.0,Yes,Yes,Yes
21.0,Female,Urban,3.955000476127655,,3.1701832135816916,6.0,No,Yes,No
25.0,Female,Urban,3.1055790311712834,299.0,4.166799953813406,4.0,,Yes,No
18.0,Female,Urban,4.593074749518911,259.0,3.195354626880235,,Yes,Yes,No
,Female,Urban,3.4196297200746715,366.0,3.451600643447797,1.0,No,No,Yes
29.0,Male,Urban,4.904580283744165,288.0,1.904588206359763,,No,No,Yes
23.0,Male,Rural,2.5565765471093633,345.0,4.387674912354239,4.0,Yes,Yes,No
17.0,Male,Rural,4.605869503866833,346.0,2.714522187881903,5.0,Yes,Yes,Yes
21.0,Male,Rural,4.329790558375225,363.0,1.563838510087077,4.0,,Yes,Yes
22.0,Female,Rural,4.312765533932156,382.0,3.6567516580216695,5.0,No,Yes,No
,Male,Rural,4.534349684350663,268.0,1.86436181274123,1.0,,No,Yes
26.0,Female,Urban,4.2830719728289965,374.0,1.390250040957199,1.0,No,Yes,Yes
25.0,Male,Urban,3.8786609648942463,248.0,4.447947633617089,4.0,No,No,No
17.0,Female,Rural,2.3937346330471625,307.0,2.8406490579537587,,Yes,Yes,Yes
25.0,Female,Urban,2.0975785384737557,360.0,3.9971348507831057,5.0,No,Yes,No
16.0,Male,Rural,4.762543543447061,318.0,,2.0,Yes,Yes,Yes
,Male,Rural,3.849950943562214,348.0,10.0,4.0,No,Yes,No
16.0,Male,Urban,4.389611872928529,349.0,1.4477437080861213,2.0,Yes,,Yes
24.0,Male,Urban,3.44456705453765,375.0,2.423893495179411,4.0,Yes,No,Yes
26.0,Female,Urban,,236.0,4.912247271894114,3.0,Yes,No,No
21.0,Male,Rural,2.3755573766076514,342.0,4.175958865472024,,No,Yes,No
22.0,Male,Urban,4.056695861686914,362.0,2.9890237212587527,3.0,Yes,Yes,Yes
28.0,Female,Rural,3.290917684698388,398.0,2.3591098862475404,6.0,Yes,No,Yes
25.0,Male,Rural,2.60157418010101,359.0,4.488542800089906,3.0,No,,No
22.0,Male,Rural,3.4747836402243104,210.0,3.1793910363380626,1.0,Yes,Yes,Yes
25.0,Male,Urban,2.192626811225402,337.0,4.033700071476444,1.0,No,Yes,Yes
18.0,Male,Urban,3.7459142057431962,277.0,4.016430721264657,6.0,No,,No
17.0,Male,Rural,2.806980213305293,276.0,10.0,5.0,Yes,Yes,Yes
24.0,Female,Urban,4.392677301911565,384.0,1.5050151311704538,2.0,Yes,Yes,
23.0,Male,Urban,2.9310858767707213,352.0,10.0,4.0,No,No,No
28.0,Male,Urban,3.3656604472454035,201.0,1.6464792451434858,4.0,Yes,Yes,Yes
27.0,Male,,2.034861619724302,263.0,2.0219733786224188,6.0,No,No,Yes
25.0,Male,Rural,2.2173406633836765,234.0,4.786551816798429,1.0,No,Yes,Yes
22.0,Male,Urban,3.1774806692200546,206.0,3.2407290334996475,4.0,No,No,No
24.0,Female,,3.4398165041513704,284.0,4.002918027997389,1.0,Yes,Yes,
19.0,Male,Urban,3.8000616443579114,345.0,3.2319229551305595,5.0,No,No,No
28.0,Female,Urban,2.8749877361279097,266.0,3.210054459130901,2.0,Yes,No,
19.0,Female,Urban,4.0849456583796275,241.0,1.3766076405027916,5.0,Yes,No,Yes
16.0,Male,Urban,4.580367191567614,317.0,2.374652770436412,,Yes,No,Yes
23.0,Male,Rural,4.339552966680049,324.0,2.129723594746047,3.0,Yes,Yes,Yes
29.0,Male,Rural,2.1188564760450714,366.0,2.562913462454453,3.0,No,Yes,Yes
29.0,Male,Rural,3.441520841773487,368.0,4.193376752897313,3.0,Yes,No,No
27.0,,Urban,2.3147905352545246,223.0,2.4877306716674594,5.0,No,Yes,Yes
18.0,Male,Urban,2.7261350475875825,387.0,2.806787276926731,4.0,No,Yes,Yes
22.0,Male,Urban,4.959987779801439,245.0,2.589525561941266,2.0,Yes,Yes,Yes
27.0,Male,Rural,2.4274866287045396,218.0,1.3736318879011824,3.0,No,Yes,Yes
17.0,Male,Urban,3.496664460354068,267.0,2.764288633003135,6.0,No,Yes,Yes
17.0,Male,Rural,3.8544672029543574,301.0,1.7824370921780601,6.0,Yes,No,Yes
22.0,Male,Rural,4.107394911632312,241.0,1.746893183092166,3.0,No,No,Yes
21.0,Female,Rural,3.678946050460742,231.0,1.3761444177370654,3.0,No,No,Yes
18.0,Female,Rural,2.029312542257551,366.0,2.426683896567059,2.0,No,No,Yes
24.0,Male,Rural,2.9793839247319758,308.0,4.029927539157669,3.0,No,,No
25.0,Male,Rural,3.553134930154134,235.0,2.1057667623335843,2.0,Yes,Yes,Yes
29.0,Male,Urban,2.2635994974345,296.0,2.2493964075420543,6.0,No,No,Yes
28.0,Female,Urban,3.051880793627542,363.0,3.5706986306896944,3.0,No,Yes,No
21.0,Male,Rural,2.0996093263741,330.0,1.7833632503476755,5.0,No,Yes,Yes
